{"__feedback":"","__version":"1.0","description":"Preference Domain: org.cis_lvl1.audit,  Application: macOS Security Compliance Project","options":{"remove_empty_properties":true},"properties":{"audit_acls_files_configure":{"anyOf":[{"title":"Not Configured","type":"null"},{"properties":{"exempt":{"description":"If value is true, exempt_reason is required","type":"boolean"},"exempt_reason":{"description":"Specify Exempt Reasoning","type":"string"}},"title":"Configured","type":"object"}],"description":"Configure Audit Log Files to Not Contain Access Control Lists","property_order":1,"title":"audit_acls_files_configure"},"audit_acls_folders_configure":{"anyOf":[{"title":"Not Configured","type":"null"},{"properties":{"exempt":{"description":"If value is true, exempt_reason is required","type":"boolean"},"exempt_reason":{"description":"Specify Exempt Reasoning","type":"string"}},"title":"Configured","type":"object"}],"description":"Configure Audit Log Folder to Not Contain Access Control Lists","property_order":1,"title":"audit_acls_folders_configure"},"audit_auditd_enabled":{"anyOf":[{"title":"Not Configured","type":"null"},{"properties":{"exempt":{"description":"If value is true, exempt_reason is required","type":"boolean"},"exempt_reason":{"description":"Specify Exempt Reasoning","type":"string"}},"title":"Configured","type":"object"}],"description":"Enable Security Auditing","property_order":1,"title":"audit_auditd_enabled"},"audit_control_acls_configure":{"anyOf":[{"title":"Not Configured","type":"null"},{"properties":{"exempt":{"description":"If value is true, exempt_reason is required","type":"boolean"},"exempt_reason":{"description":"Specify Exempt Reasoning","type":"string"}},"title":"Configured","type":"object"}],"description":"Configure Audit_Control to Not Contain Access Control Lists","property_order":1,"title":"audit_control_acls_configure"},"audit_control_group_configure":{"anyOf":[{"title":"Not Configured","type":"null"},{"properties":{"exempt":{"description":"If value is true, exempt_reason is required","type":"boolean"},"exempt_reason":{"description":"Specify Exempt Reasoning","type":"string"}},"title":"Configured","type":"object"}],"description":"Configure Audit_Control Group to Wheel","property_order":1,"title":"audit_control_group_configure"},"audit_control_mode_configure":{"anyOf":[{"title":"Not Configured","type":"null"},{"properties":{"exempt":{"description":"If value is true, exempt_reason is required","type":"boolean"},"exempt_reason":{"description":"Specify Exempt Reasoning","type":"string"}},"title":"Configured","type":"object"}],"description":"Configure Audit_Control Owner to Mode 440 or Less Permissive","property_order":1,"title":"audit_control_mode_configure"},"audit_control_owner_configure":{"anyOf":[{"title":"Not Configured","type":"null"},{"properties":{"exempt":{"description":"If value is true, exempt_reason is required","type":"boolean"},"exempt_reason":{"description":"Specify Exempt Reasoning","type":"string"}},"title":"Configured","type":"object"}],"description":"Configure Audit_Control Owner to Root","property_order":1,"title":"audit_control_owner_configure"},"audit_files_group_configure":{"anyOf":[{"title":"Not Configured","type":"null"},{"properties":{"exempt":{"description":"If value is true, exempt_reason is required","type":"boolean"},"exempt_reason":{"description":"Specify Exempt Reasoning","type":"string"}},"title":"Configured","type":"object"}],"description":"Configure Audit Log Files Group to Wheel","property_order":1,"title":"audit_files_group_configure"},"audit_files_mode_configure":{"anyOf":[{"title":"Not Configured","type":"null"},{"properties":{"exempt":{"description":"If value is true, exempt_reason is required","type":"boolean"},"exempt_reason":{"description":"Specify Exempt Reasoning","type":"string"}},"title":"Configured","type":"object"}],"description":"Configure Audit Log Files to Mode 440 or Less Permissive","property_order":1,"title":"audit_files_mode_configure"},"audit_files_owner_configure":{"anyOf":[{"title":"Not Configured","type":"null"},{"properties":{"exempt":{"description":"If value is true, exempt_reason is required","type":"boolean"},"exempt_reason":{"description":"Specify Exempt Reasoning","type":"string"}},"title":"Configured","type":"object"}],"description":"Configure Audit Log Files to be Owned by Root","property_order":1,"title":"audit_files_owner_configure"},"audit_folder_group_configure":{"anyOf":[{"title":"Not Configured","type":"null"},{"properties":{"exempt":{"description":"If value is true, exempt_reason is required","type":"boolean"},"exempt_reason":{"description":"Specify Exempt Reasoning","type":"string"}},"title":"Configured","type":"object"}],"description":"Configure Audit Log Folders Group to Wheel","property_order":1,"title":"audit_folder_group_configure"},"audit_folder_owner_configure":{"anyOf":[{"title":"Not Configured","type":"null"},{"properties":{"exempt":{"description":"If value is true, exempt_reason is required","type":"boolean"},"exempt_reason":{"description":"Specify Exempt Reasoning","type":"string"}},"title":"Configured","type":"object"}],"description":"Configure Audit Log Folders to be Owned by Root","property_order":1,"title":"audit_folder_owner_configure"},"audit_folders_mode_configure":{"anyOf":[{"title":"Not Configured","type":"null"},{"properties":{"exempt":{"description":"If value is true, exempt_reason is required","type":"boolean"},"exempt_reason":{"description":"Specify Exempt Reasoning","type":"string"}},"title":"Configured","type":"object"}],"description":"Configure Audit Log Folders to Mode 700 or Less Permissive","property_order":1,"title":"audit_folders_mode_configure"},"audit_retention_configure":{"anyOf":[{"title":"Not Configured","type":"null"},{"properties":{"exempt":{"description":"If value is true, exempt_reason is required","type":"boolean"},"exempt_reason":{"description":"Specify Exempt Reasoning","type":"string"}},"title":"Configured","type":"object"}],"description":"Configure Audit Retention to $ODV","property_order":1,"title":"audit_retention_configure"},"os_airdrop_disable":{"anyOf":[{"title":"Not Configured","type":"null"},{"properties":{"exempt":{"description":"If value is true, exempt_reason is required","type":"boolean"},"exempt_reason":{"description":"Specify Exempt Reasoning","type":"string"}},"title":"Configured","type":"object"}],"description":"Disable AirDrop","property_order":1,"title":"os_airdrop_disable"},"os_anti_virus_installed":{"anyOf":[{"title":"Not Configured","type":"null"},{"properties":{"exempt":{"description":"If value is true, exempt_reason is required","type":"boolean"},"exempt_reason":{"description":"Specify Exempt Reasoning","type":"string"}},"title":"Configured","type":"object"}],"description":"Must Use an Approved Antivirus Program","property_order":1,"title":"os_anti_virus_installed"},"os_authenticated_root_enable":{"anyOf":[{"title":"Not Configured","type":"null"},{"properties":{"exempt":{"description":"If value is true, exempt_reason is required","type":"boolean"},"exempt_reason":{"description":"Specify Exempt Reasoning","type":"string"}},"title":"Configured","type":"object"}],"description":"Enable Authenticated Root","property_order":1,"title":"os_authenticated_root_enable"},"os_config_data_install_enforce":{"anyOf":[{"title":"Not Configured","type":"null"},{"properties":{"exempt":{"description":"If value is true, exempt_reason is required","type":"boolean"},"exempt_reason":{"description":"Specify Exempt Reasoning","type":"string"}},"title":"Configured","type":"object"}],"description":"Enforce Installation of XProtect Remediator and Gatekeeper Updates Automatically","property_order":1,"title":"os_config_data_install_enforce"},"os_gatekeeper_enable":{"anyOf":[{"title":"Not Configured","type":"null"},{"properties":{"exempt":{"description":"If value is true, exempt_reason is required","type":"boolean"},"exempt_reason":{"description":"Specify Exempt Reasoning","type":"string"}},"title":"Configured","type":"object"}],"description":"Enable Gatekeeper","property_order":1,"title":"os_gatekeeper_enable"},"os_guest_folder_removed":{"anyOf":[{"title":"Not Configured","type":"null"},{"properties":{"exempt":{"description":"If value is true, exempt_reason is required","type":"boolean"},"exempt_reason":{"description":"Specify Exempt Reasoning","type":"string"}},"title":"Configured","type":"object"}],"description":"Remove Guest Folder if Present","property_order":1,"title":"os_guest_folder_removed"},"os_home_folders_secure":{"anyOf":[{"title":"Not Configured","type":"null"},{"properties":{"exempt":{"description":"If value is true, exempt_reason is required","type":"boolean"},"exempt_reason":{"description":"Specify Exempt Reasoning","type":"string"}},"title":"Configured","type":"object"}],"description":"Secure User's Home Folders","property_order":1,"title":"os_home_folders_secure"},"os_httpd_disable":{"anyOf":[{"title":"Not Configured","type":"null"},{"properties":{"exempt":{"description":"If value is true, exempt_reason is required","type":"boolean"},"exempt_reason":{"description":"Specify Exempt Reasoning","type":"string"}},"title":"Configured","type":"object"}],"description":"Disable the Built-in Web Server","property_order":1,"title":"os_httpd_disable"},"os_install_log_retention_configure":{"anyOf":[{"title":"Not Configured","type":"null"},{"properties":{"exempt":{"description":"If value is true, exempt_reason is required","type":"boolean"},"exempt_reason":{"description":"Specify Exempt Reasoning","type":"string"}},"title":"Configured","type":"object"}],"description":"Configure Install.log Retention to $ODV","property_order":1,"title":"os_install_log_retention_configure"},"os_mdm_require":{"anyOf":[{"title":"Not Configured","type":"null"},{"properties":{"exempt":{"description":"If value is true, exempt_reason is required","type":"boolean"},"exempt_reason":{"description":"Specify Exempt Reasoning","type":"string"}},"title":"Configured","type":"object"}],"description":"Enforce Enrollment in Mobile Device Management","property_order":1,"title":"os_mdm_require"},"os_mobile_file_integrity_enable":{"anyOf":[{"title":"Not Configured","type":"null"},{"properties":{"exempt":{"description":"If value is true, exempt_reason is required","type":"boolean"},"exempt_reason":{"description":"Specify Exempt Reasoning","type":"string"}},"title":"Configured","type":"object"}],"description":"Enable Apple Mobile File Integrity","property_order":1,"title":"os_mobile_file_integrity_enable"},"os_nfsd_disable":{"anyOf":[{"title":"Not Configured","type":"null"},{"properties":{"exempt":{"description":"If value is true, exempt_reason is required","type":"boolean"},"exempt_reason":{"description":"Specify Exempt Reasoning","type":"string"}},"title":"Configured","type":"object"}],"description":"Disable Network File System Service","property_order":1,"title":"os_nfsd_disable"},"os_on_device_dictation_enforce":{"anyOf":[{"title":"Not Configured","type":"null"},{"properties":{"exempt":{"description":"If value is true, exempt_reason is required","type":"boolean"},"exempt_reason":{"description":"Specify Exempt Reasoning","type":"string"}},"title":"Configured","type":"object"}],"description":"Enforce On Device Dictation","property_order":1,"title":"os_on_device_dictation_enforce"},"os_password_hint_remove":{"anyOf":[{"title":"Not Configured","type":"null"},{"properties":{"exempt":{"description":"If value is true, exempt_reason is required","type":"boolean"},"exempt_reason":{"description":"Specify Exempt Reasoning","type":"string"}},"title":"Configured","type":"object"}],"description":"Remove Password Hint From User Accounts","property_order":1,"title":"os_password_hint_remove"},"os_power_nap_disable":{"anyOf":[{"title":"Not Configured","type":"null"},{"properties":{"exempt":{"description":"If value is true, exempt_reason is required","type":"boolean"},"exempt_reason":{"description":"Specify Exempt Reasoning","type":"string"}},"title":"Configured","type":"object"}],"description":"Disable Power Nap","property_order":1,"title":"os_power_nap_disable"},"os_root_disable":{"anyOf":[{"title":"Not Configured","type":"null"},{"properties":{"exempt":{"description":"If value is true, exempt_reason is required","type":"boolean"},"exempt_reason":{"description":"Specify Exempt Reasoning","type":"string"}},"title":"Configured","type":"object"}],"description":"Disable Root Login","property_order":1,"title":"os_root_disable"},"os_safari_advertising_privacy_protection_enable":{"anyOf":[{"title":"Not Configured","type":"null"},{"properties":{"exempt":{"description":"If value is true, exempt_reason is required","type":"boolean"},"exempt_reason":{"description":"Specify Exempt Reasoning","type":"string"}},"title":"Configured","type":"object"}],"description":"Ensure Advertising Privacy Protection in Safari Is Enabled","property_order":1,"title":"os_safari_advertising_privacy_protection_enable"},"os_safari_open_safe_downloads_disable":{"anyOf":[{"title":"Not Configured","type":"null"},{"properties":{"exempt":{"description":"If value is true, exempt_reason is required","type":"boolean"},"exempt_reason":{"description":"Specify Exempt Reasoning","type":"string"}},"title":"Configured","type":"object"}],"description":"Disable Automatic Opening of Safe Files in Safari","property_order":1,"title":"os_safari_open_safe_downloads_disable"},"os_safari_prevent_cross-site_tracking_enable":{"anyOf":[{"title":"Not Configured","type":"null"},{"properties":{"exempt":{"description":"If value is true, exempt_reason is required","type":"boolean"},"exempt_reason":{"description":"Specify Exempt Reasoning","type":"string"}},"title":"Configured","type":"object"}],"description":"Ensure Prevent Cross-site Tracking in Safari Is Enabled","property_order":1,"title":"os_safari_prevent_cross-site_tracking_enable"},"os_safari_show_full_website_address_enable":{"anyOf":[{"title":"Not Configured","type":"null"},{"properties":{"exempt":{"description":"If value is true, exempt_reason is required","type":"boolean"},"exempt_reason":{"description":"Specify Exempt Reasoning","type":"string"}},"title":"Configured","type":"object"}],"description":"Ensure Show Full Website Address in Safari Is Enabled","property_order":1,"title":"os_safari_show_full_website_address_enable"},"os_safari_show_status_bar_enabled":{"anyOf":[{"title":"Not Configured","type":"null"},{"properties":{"exempt":{"description":"If value is true, exempt_reason is required","type":"boolean"},"exempt_reason":{"description":"Specify Exempt Reasoning","type":"string"}},"title":"Configured","type":"object"}],"description":"Ensure Show Safari shows the Status Bar is Enabled","property_order":1,"title":"os_safari_show_status_bar_enabled"},"os_safari_warn_fraudulent_website_enable":{"anyOf":[{"title":"Not Configured","type":"null"},{"properties":{"exempt":{"description":"If value is true, exempt_reason is required","type":"boolean"},"exempt_reason":{"description":"Specify Exempt Reasoning","type":"string"}},"title":"Configured","type":"object"}],"description":"Ensure Warn When Visiting A Fraudulent Website in Safari Is Enabled","property_order":1,"title":"os_safari_warn_fraudulent_website_enable"},"os_show_filename_extensions_enable":{"anyOf":[{"title":"Not Configured","type":"null"},{"properties":{"exempt":{"description":"If value is true, exempt_reason is required","type":"boolean"},"exempt_reason":{"description":"Specify Exempt Reasoning","type":"string"}},"title":"Configured","type":"object"}],"description":"Enable Show All Filename Extensions","property_order":1,"title":"os_show_filename_extensions_enable"},"os_sip_enable":{"anyOf":[{"title":"Not Configured","type":"null"},{"properties":{"exempt":{"description":"If value is true, exempt_reason is required","type":"boolean"},"exempt_reason":{"description":"Specify Exempt Reasoning","type":"string"}},"title":"Configured","type":"object"}],"description":"Ensure System Integrity Protection is Enabled","property_order":1,"title":"os_sip_enable"},"os_software_update_deferral":{"anyOf":[{"title":"Not Configured","type":"null"},{"properties":{"exempt":{"description":"If value is true, exempt_reason is required","type":"boolean"},"exempt_reason":{"description":"Specify Exempt Reasoning","type":"string"}},"title":"Configured","type":"object"}],"description":"Ensure Software Update Deferment Is Less Than or Equal to $ODV Days","property_order":1,"title":"os_software_update_deferral"},"os_sudo_log_enforce":{"anyOf":[{"title":"Not Configured","type":"null"},{"properties":{"exempt":{"description":"If value is true, exempt_reason is required","type":"boolean"},"exempt_reason":{"description":"Specify Exempt Reasoning","type":"string"}},"title":"Configured","type":"object"}],"description":"Configure Sudo To Log Events","property_order":1,"title":"os_sudo_log_enforce"},"os_sudo_timeout_configure":{"anyOf":[{"title":"Not Configured","type":"null"},{"properties":{"exempt":{"description":"If value is true, exempt_reason is required","type":"boolean"},"exempt_reason":{"description":"Specify Exempt Reasoning","type":"string"}},"title":"Configured","type":"object"}],"description":"Configure Sudo Timeout Period to $ODV","property_order":1,"title":"os_sudo_timeout_configure"},"os_sudoers_timestamp_type_configure":{"anyOf":[{"title":"Not Configured","type":"null"},{"properties":{"exempt":{"description":"If value is true, exempt_reason is required","type":"boolean"},"exempt_reason":{"description":"Specify Exempt Reasoning","type":"string"}},"title":"Configured","type":"object"}],"description":"Configure Sudoers Timestamp Type","property_order":1,"title":"os_sudoers_timestamp_type_configure"},"os_system_wide_applications_configure":{"anyOf":[{"title":"Not Configured","type":"null"},{"properties":{"exempt":{"description":"If value is true, exempt_reason is required","type":"boolean"},"exempt_reason":{"description":"Specify Exempt Reasoning","type":"string"}},"title":"Configured","type":"object"}],"description":"Ensure Appropriate Permissions Are Enabled for System Wide Applications","property_order":1,"title":"os_system_wide_applications_configure"},"os_terminal_secure_keyboard_enable":{"anyOf":[{"title":"Not Configured","type":"null"},{"properties":{"exempt":{"description":"If value is true, exempt_reason is required","type":"boolean"},"exempt_reason":{"description":"Specify Exempt Reasoning","type":"string"}},"title":"Configured","type":"object"}],"description":"Ensure Secure Keyboard Entry Terminal.app is Enabled","property_order":1,"title":"os_terminal_secure_keyboard_enable"},"os_time_server_enabled":{"anyOf":[{"title":"Not Configured","type":"null"},{"properties":{"exempt":{"description":"If value is true, exempt_reason is required","type":"boolean"},"exempt_reason":{"description":"Specify Exempt Reasoning","type":"string"}},"title":"Configured","type":"object"}],"description":"Enable Time Synchronization Daemon","property_order":1,"title":"os_time_server_enabled"},"os_unlock_active_user_session_disable":{"anyOf":[{"title":"Not Configured","type":"null"},{"properties":{"exempt":{"description":"If value is true, exempt_reason is required","type":"boolean"},"exempt_reason":{"description":"Specify Exempt Reasoning","type":"string"}},"title":"Configured","type":"object"}],"description":"Disable Login to Other User's Active and Locked Sessions","property_order":1,"title":"os_unlock_active_user_session_disable"},"os_world_writable_system_folder_configure":{"anyOf":[{"title":"Not Configured","type":"null"},{"properties":{"exempt":{"description":"If value is true, exempt_reason is required","type":"boolean"},"exempt_reason":{"description":"Specify Exempt Reasoning","type":"string"}},"title":"Configured","type":"object"}],"description":"Ensure No World Writable Files Exist in the System Folder","property_order":1,"title":"os_world_writable_system_folder_configure"},"pwpolicy_account_lockout_enforce":{"anyOf":[{"title":"Not Configured","type":"null"},{"properties":{"exempt":{"description":"If value is true, exempt_reason is required","type":"boolean"},"exempt_reason":{"description":"Specify Exempt Reasoning","type":"string"}},"title":"Configured","type":"object"}],"description":"Limit Consecutive Failed Login Attempts to $ODV","property_order":1,"title":"pwpolicy_account_lockout_enforce"},"pwpolicy_account_lockout_timeout_enforce":{"anyOf":[{"title":"Not Configured","type":"null"},{"properties":{"exempt":{"description":"If value is true, exempt_reason is required","type":"boolean"},"exempt_reason":{"description":"Specify Exempt Reasoning","type":"string"}},"title":"Configured","type":"object"}],"description":"Set Account Lockout Time to $ODV Minutes","property_order":1,"title":"pwpolicy_account_lockout_timeout_enforce"},"pwpolicy_history_enforce":{"anyOf":[{"title":"Not Configured","type":"null"},{"properties":{"exempt":{"description":"If value is true, exempt_reason is required","type":"boolean"},"exempt_reason":{"description":"Specify Exempt Reasoning","type":"string"}},"title":"Configured","type":"object"}],"description":"Prohibit Password Reuse for a Minimum of $ODV Generations","property_order":1,"title":"pwpolicy_history_enforce"},"pwpolicy_max_lifetime_enforce":{"anyOf":[{"title":"Not Configured","type":"null"},{"properties":{"exempt":{"description":"If value is true, exempt_reason is required","type":"boolean"},"exempt_reason":{"description":"Specify Exempt Reasoning","type":"string"}},"title":"Configured","type":"object"}],"description":"Restrict Maximum Password Lifetime to $ODV Days","property_order":1,"title":"pwpolicy_max_lifetime_enforce"},"pwpolicy_minimum_length_enforce":{"anyOf":[{"title":"Not Configured","type":"null"},{"properties":{"exempt":{"description":"If value is true, exempt_reason is required","type":"boolean"},"exempt_reason":{"description":"Specify Exempt Reasoning","type":"string"}},"title":"Configured","type":"object"}],"description":"Require a Minimum Password Length of $ODV Characters","property_order":1,"title":"pwpolicy_minimum_length_enforce"},"supplemental_cis_manual":{"anyOf":[{"title":"Not Configured","type":"null"},{"properties":{"exempt":{"description":"If value is true, exempt_reason is required","type":"boolean"},"exempt_reason":{"description":"Specify Exempt Reasoning","type":"string"}},"title":"Configured","type":"object"}],"description":"CIS Manual Recommendations","property_order":1,"title":"supplemental_cis_manual"},"supplemental_filevault":{"anyOf":[{"title":"Not Configured","type":"null"},{"properties":{"exempt":{"description":"If value is true, exempt_reason is required","type":"boolean"},"exempt_reason":{"description":"Specify Exempt Reasoning","type":"string"}},"title":"Configured","type":"object"}],"description":"FileVault Supplemental","property_order":1,"title":"supplemental_filevault"},"supplemental_password_policy":{"anyOf":[{"title":"Not Configured","type":"null"},{"properties":{"exempt":{"description":"If value is true, exempt_reason is required","type":"boolean"},"exempt_reason":{"description":"Specify Exempt Reasoning","type":"string"}},"title":"Configured","type":"object"}],"description":"Password Policy Supplemental","property_order":1,"title":"supplemental_password_policy"},"system_settings_airplay_receiver_disable":{"anyOf":[{"title":"Not Configured","type":"null"},{"properties":{"exempt":{"description":"If value is true, exempt_reason is required","type":"boolean"},"exempt_reason":{"description":"Specify Exempt Reasoning","type":"string"}},"title":"Configured","type":"object"}],"description":"Disable Airplay Receiver","property_order":1,"title":"system_settings_airplay_receiver_disable"},"system_settings_automatic_login_disable":{"anyOf":[{"title":"Not Configured","type":"null"},{"properties":{"exempt":{"description":"If value is true, exempt_reason is required","type":"boolean"},"exempt_reason":{"description":"Specify Exempt Reasoning","type":"string"}},"title":"Configured","type":"object"}],"description":"Disable Unattended or Automatic Logon to the System","property_order":1,"title":"system_settings_automatic_login_disable"},"system_settings_bluetooth_menu_enable":{"anyOf":[{"title":"Not Configured","type":"null"},{"properties":{"exempt":{"description":"If value is true, exempt_reason is required","type":"boolean"},"exempt_reason":{"description":"Specify Exempt Reasoning","type":"string"}},"title":"Configured","type":"object"}],"description":"Enable Bluetooth Menu","property_order":1,"title":"system_settings_bluetooth_menu_enable"},"system_settings_bluetooth_sharing_disable":{"anyOf":[{"title":"Not Configured","type":"null"},{"properties":{"exempt":{"description":"If value is true, exempt_reason is required","type":"boolean"},"exempt_reason":{"description":"Specify Exempt Reasoning","type":"string"}},"title":"Configured","type":"object"}],"description":"Disable Bluetooth Sharing","property_order":1,"title":"system_settings_bluetooth_sharing_disable"},"system_settings_critical_update_install_enforce":{"anyOf":[{"title":"Not Configured","type":"null"},{"properties":{"exempt":{"description":"If value is true, exempt_reason is required","type":"boolean"},"exempt_reason":{"description":"Specify Exempt Reasoning","type":"string"}},"title":"Configured","type":"object"}],"description":"Enforce Critical Security Updates to be Installed","property_order":1,"title":"system_settings_critical_update_install_enforce"},"system_settings_diagnostics_reports_disable":{"anyOf":[{"title":"Not Configured","type":"null"},{"properties":{"exempt":{"description":"If value is true, exempt_reason is required","type":"boolean"},"exempt_reason":{"description":"Specify Exempt Reasoning","type":"string"}},"title":"Configured","type":"object"}],"description":"Disable Sending Diagnostic and Usage Data to Apple","property_order":1,"title":"system_settings_diagnostics_reports_disable"},"system_settings_filevault_enforce":{"anyOf":[{"title":"Not Configured","type":"null"},{"properties":{"exempt":{"description":"If value is true, exempt_reason is required","type":"boolean"},"exempt_reason":{"description":"Specify Exempt Reasoning","type":"string"}},"title":"Configured","type":"object"}],"description":"Enforce FileVault","property_order":1,"title":"system_settings_filevault_enforce"},"system_settings_firewall_enable":{"anyOf":[{"title":"Not Configured","type":"null"},{"properties":{"exempt":{"description":"If value is true, exempt_reason is required","type":"boolean"},"exempt_reason":{"description":"Specify Exempt Reasoning","type":"string"}},"title":"Configured","type":"object"}],"description":"Enable macOS Application Firewall","property_order":1,"title":"system_settings_firewall_enable"},"system_settings_firewall_stealth_mode_enable":{"anyOf":[{"title":"Not Configured","type":"null"},{"properties":{"exempt":{"description":"If value is true, exempt_reason is required","type":"boolean"},"exempt_reason":{"description":"Specify Exempt Reasoning","type":"string"}},"title":"Configured","type":"object"}],"description":"Enable Firewall Stealth Mode","property_order":1,"title":"system_settings_firewall_stealth_mode_enable"},"system_settings_guest_access_smb_disable":{"anyOf":[{"title":"Not Configured","type":"null"},{"properties":{"exempt":{"description":"If value is true, exempt_reason is required","type":"boolean"},"exempt_reason":{"description":"Specify Exempt Reasoning","type":"string"}},"title":"Configured","type":"object"}],"description":"Disable Guest Access to Shared SMB Folders","property_order":1,"title":"system_settings_guest_access_smb_disable"},"system_settings_guest_account_disable":{"anyOf":[{"title":"Not Configured","type":"null"},{"properties":{"exempt":{"description":"If value is true, exempt_reason is required","type":"boolean"},"exempt_reason":{"description":"Specify Exempt Reasoning","type":"string"}},"title":"Configured","type":"object"}],"description":"Disable the Guest Account","property_order":1,"title":"system_settings_guest_account_disable"},"system_settings_improve_assistive_voice_disable":{"anyOf":[{"title":"Not Configured","type":"null"},{"properties":{"exempt":{"description":"If value is true, exempt_reason is required","type":"boolean"},"exempt_reason":{"description":"Specify Exempt Reasoning","type":"string"}},"title":"Configured","type":"object"}],"description":"Disable Sending Audio Recordings and Transcripts to Apple","property_order":1,"title":"system_settings_improve_assistive_voice_disable"},"system_settings_improve_siri_dictation_disable":{"anyOf":[{"title":"Not Configured","type":"null"},{"properties":{"exempt":{"description":"If value is true, exempt_reason is required","type":"boolean"},"exempt_reason":{"description":"Specify Exempt Reasoning","type":"string"}},"title":"Configured","type":"object"}],"description":"Disable Improve Siri and Dictation Information to Apple","property_order":1,"title":"system_settings_improve_siri_dictation_disable"},"system_settings_install_macos_updates_enforce":{"anyOf":[{"title":"Not Configured","type":"null"},{"properties":{"exempt":{"description":"If value is true, exempt_reason is required","type":"boolean"},"exempt_reason":{"description":"Specify Exempt Reasoning","type":"string"}},"title":"Configured","type":"object"}],"description":"Enforce macOS Updates are Automatically Installed","property_order":1,"title":"system_settings_install_macos_updates_enforce"},"system_settings_internet_sharing_disable":{"anyOf":[{"title":"Not Configured","type":"null"},{"properties":{"exempt":{"description":"If value is true, exempt_reason is required","type":"boolean"},"exempt_reason":{"description":"Specify Exempt Reasoning","type":"string"}},"title":"Configured","type":"object"}],"description":"Disable Internet Sharing","property_order":1,"title":"system_settings_internet_sharing_disable"},"system_settings_loginwindow_loginwindowtext_enable":{"anyOf":[{"title":"Not Configured","type":"null"},{"properties":{"exempt":{"description":"If value is true, exempt_reason is required","type":"boolean"},"exempt_reason":{"description":"Specify Exempt Reasoning","type":"string"}},"title":"Configured","type":"object"}],"description":"Configure Login Window to Show A Custom Message","property_order":1,"title":"system_settings_loginwindow_loginwindowtext_enable"},"system_settings_loginwindow_prompt_username_password_enforce":{"anyOf":[{"title":"Not Configured","type":"null"},{"properties":{"exempt":{"description":"If value is true, exempt_reason is required","type":"boolean"},"exempt_reason":{"description":"Specify Exempt Reasoning","type":"string"}},"title":"Configured","type":"object"}],"description":"Configure Login Window to Prompt for Username and Password","property_order":1,"title":"system_settings_loginwindow_prompt_username_password_enforce"},"system_settings_password_hints_disable":{"anyOf":[{"title":"Not Configured","type":"null"},{"properties":{"exempt":{"description":"If value is true, exempt_reason is required","type":"boolean"},"exempt_reason":{"description":"Specify Exempt Reasoning","type":"string"}},"title":"Configured","type":"object"}],"description":"Disable Password Hints","property_order":1,"title":"system_settings_password_hints_disable"},"system_settings_personalized_advertising_disable":{"anyOf":[{"title":"Not Configured","type":"null"},{"properties":{"exempt":{"description":"If value is true, exempt_reason is required","type":"boolean"},"exempt_reason":{"description":"Specify Exempt Reasoning","type":"string"}},"title":"Configured","type":"object"}],"description":"Disable Personalized Advertising","property_order":1,"title":"system_settings_personalized_advertising_disable"},"system_settings_printer_sharing_disable":{"anyOf":[{"title":"Not Configured","type":"null"},{"properties":{"exempt":{"description":"If value is true, exempt_reason is required","type":"boolean"},"exempt_reason":{"description":"Specify Exempt Reasoning","type":"string"}},"title":"Configured","type":"object"}],"description":"Disable Printer Sharing","property_order":1,"title":"system_settings_printer_sharing_disable"},"system_settings_rae_disable":{"anyOf":[{"title":"Not Configured","type":"null"},{"properties":{"exempt":{"description":"If value is true, exempt_reason is required","type":"boolean"},"exempt_reason":{"description":"Specify Exempt Reasoning","type":"string"}},"title":"Configured","type":"object"}],"description":"Disable Remote Apple Events","property_order":1,"title":"system_settings_rae_disable"},"system_settings_remote_management_disable":{"anyOf":[{"title":"Not Configured","type":"null"},{"properties":{"exempt":{"description":"If value is true, exempt_reason is required","type":"boolean"},"exempt_reason":{"description":"Specify Exempt Reasoning","type":"string"}},"title":"Configured","type":"object"}],"description":"Disable Remote Management","property_order":1,"title":"system_settings_remote_management_disable"},"system_settings_screen_sharing_disable":{"anyOf":[{"title":"Not Configured","type":"null"},{"properties":{"exempt":{"description":"If value is true, exempt_reason is required","type":"boolean"},"exempt_reason":{"description":"Specify Exempt Reasoning","type":"string"}},"title":"Configured","type":"object"}],"description":"Disable Screen Sharing and Apple Remote Desktop","property_order":1,"title":"system_settings_screen_sharing_disable"},"system_settings_screensaver_ask_for_password_delay_enforce":{"anyOf":[{"title":"Not Configured","type":"null"},{"properties":{"exempt":{"description":"If value is true, exempt_reason is required","type":"boolean"},"exempt_reason":{"description":"Specify Exempt Reasoning","type":"string"}},"title":"Configured","type":"object"}],"description":"Enforce Session Lock After Screen Saver is Started","property_order":1,"title":"system_settings_screensaver_ask_for_password_delay_enforce"},"system_settings_screensaver_timeout_enforce":{"anyOf":[{"title":"Not Configured","type":"null"},{"properties":{"exempt":{"description":"If value is true, exempt_reason is required","type":"boolean"},"exempt_reason":{"description":"Specify Exempt Reasoning","type":"string"}},"title":"Configured","type":"object"}],"description":"Enforce Screen Saver Timeout","property_order":1,"title":"system_settings_screensaver_timeout_enforce"},"system_settings_siri_listen_disable":{"anyOf":[{"title":"Not Configured","type":"null"},{"properties":{"exempt":{"description":"If value is true, exempt_reason is required","type":"boolean"},"exempt_reason":{"description":"Specify Exempt Reasoning","type":"string"}},"title":"Configured","type":"object"}],"description":"Ensure Siri Listen For is Disabled","property_order":1,"title":"system_settings_siri_listen_disable"},"system_settings_smbd_disable":{"anyOf":[{"title":"Not Configured","type":"null"},{"properties":{"exempt":{"description":"If value is true, exempt_reason is required","type":"boolean"},"exempt_reason":{"description":"Specify Exempt Reasoning","type":"string"}},"title":"Configured","type":"object"}],"description":"Disable Server Message Block Sharing","property_order":1,"title":"system_settings_smbd_disable"},"system_settings_software_update_app_update_enforce":{"anyOf":[{"title":"Not Configured","type":"null"},{"properties":{"exempt":{"description":"If value is true, exempt_reason is required","type":"boolean"},"exempt_reason":{"description":"Specify Exempt Reasoning","type":"string"}},"title":"Configured","type":"object"}],"description":"Enforce Software Update App Update Updates Automatically","property_order":1,"title":"system_settings_software_update_app_update_enforce"},"system_settings_software_update_download_enforce":{"anyOf":[{"title":"Not Configured","type":"null"},{"properties":{"exempt":{"description":"If value is true, exempt_reason is required","type":"boolean"},"exempt_reason":{"description":"Specify Exempt Reasoning","type":"string"}},"title":"Configured","type":"object"}],"description":"Enforce Software Update Downloads Updates Automatically","property_order":1,"title":"system_settings_software_update_download_enforce"},"system_settings_software_update_enforce":{"anyOf":[{"title":"Not Configured","type":"null"},{"properties":{"exempt":{"description":"If value is true, exempt_reason is required","type":"boolean"},"exempt_reason":{"description":"Specify Exempt Reasoning","type":"string"}},"title":"Configured","type":"object"}],"description":"Enforce Software Update Automatically","property_order":1,"title":"system_settings_software_update_enforce"},"system_settings_softwareupdate_current":{"anyOf":[{"title":"Not Configured","type":"null"},{"properties":{"exempt":{"description":"If value is true, exempt_reason is required","type":"boolean"},"exempt_reason":{"description":"Specify Exempt Reasoning","type":"string"}},"title":"Configured","type":"object"}],"description":"Ensure Software Update is Updated and Current","property_order":1,"title":"system_settings_softwareupdate_current"},"system_settings_ssh_disable":{"anyOf":[{"title":"Not Configured","type":"null"},{"properties":{"exempt":{"description":"If value is true, exempt_reason is required","type":"boolean"},"exempt_reason":{"description":"Specify Exempt Reasoning","type":"string"}},"title":"Configured","type":"object"}],"description":"Disable SSH Server for Remote Access Sessions","property_order":1,"title":"system_settings_ssh_disable"},"system_settings_system_wide_preferences_configure":{"anyOf":[{"title":"Not Configured","type":"null"},{"properties":{"exempt":{"description":"If value is true, exempt_reason is required","type":"boolean"},"exempt_reason":{"description":"Specify Exempt Reasoning","type":"string"}},"title":"Configured","type":"object"}],"description":"Require Administrator Password to Modify System-Wide Preferences","property_order":1,"title":"system_settings_system_wide_preferences_configure"},"system_settings_time_machine_encrypted_configure":{"anyOf":[{"title":"Not Configured","type":"null"},{"properties":{"exempt":{"description":"If value is true, exempt_reason is required","type":"boolean"},"exempt_reason":{"description":"Specify Exempt Reasoning","type":"string"}},"title":"Configured","type":"object"}],"description":"Ensure Time Machine Volumes are Encrypted","property_order":1,"title":"system_settings_time_machine_encrypted_configure"},"system_settings_time_server_configure":{"anyOf":[{"title":"Not Configured","type":"null"},{"properties":{"exempt":{"description":"If value is true, exempt_reason is required","type":"boolean"},"exempt_reason":{"description":"Specify Exempt Reasoning","type":"string"}},"title":"Configured","type":"object"}],"description":"Configure macOS to Use an Authorized Time Server","property_order":1,"title":"system_settings_time_server_configure"},"system_settings_time_server_enforce":{"anyOf":[{"title":"Not Configured","type":"null"},{"properties":{"exempt":{"description":"If value is true, exempt_reason is required","type":"boolean"},"exempt_reason":{"description":"Specify Exempt Reasoning","type":"string"}},"title":"Configured","type":"object"}],"description":"Enforce macOS Time Synchronization","property_order":1,"title":"system_settings_time_server_enforce"},"system_settings_wake_network_access_disable":{"anyOf":[{"title":"Not Configured","type":"null"},{"properties":{"exempt":{"description":"If value is true, exempt_reason is required","type":"boolean"},"exempt_reason":{"description":"Specify Exempt Reasoning","type":"string"}},"title":"Configured","type":"object"}],"description":"Ensure Wake for Network Access Is Disabled","property_order":1,"title":"system_settings_wake_network_access_disable"},"system_settings_wifi_menu_enable":{"anyOf":[{"title":"Not Configured","type":"null"},{"properties":{"exempt":{"description":"If value is true, exempt_reason is required","type":"boolean"},"exempt_reason":{"description":"Specify Exempt Reasoning","type":"string"}},"title":"Configured","type":"object"}],"description":"Enable Wifi Menu","property_order":1,"title":"system_settings_wifi_menu_enable"}},"title":"org.cis_lvl1.audit.plist","type":"object"}