<?xml version="1.0" encoding="UTF-8"?>
<extensionAttribute>
<displayName>Compliance - Version</displayName>
<displayInCategory>Extension Attributes</displayInCategory>
<dataType>string</dataType>
<description>Displays the baseline version being used.</description>
<scriptContentsMac>#!/bin/bash
# # # # # # # # # # # # # # # # # # # # # # # # # # # # # # # # # # # # # # # # # # # # # #
#
# Copyright (c) 2022 Jamf.  All rights reserved.
#
#       Redistribution and use in source and binary forms, with or without
#       modification, are permitted provided that the following conditions are met:
#               * Redistributions of source code must retain the above copyright
#                 notice, this list of conditions and the following disclaimer.
#               * Redistributions in binary form must reproduce the above copyright
#                 notice, this list of conditions and the following disclaimer in the
#                 documentation and/or other materials provided with the distribution.
#               * Neither the name of the Jamf nor the names of its contributors may be
#                 used to endorse or promote products derived from this software without
#                 specific prior written permission.
#
#       THIS SOFTWARE IS PROVIDED BY JAMF SOFTWARE, LLC &quot;AS IS&quot; AND ANY
#       EXPRESS OR IMPLIED WARRANTIES, INCLUDING, BUT NOT LIMITED TO, THE IMPLIED
#       WARRANTIES OF MERCHANTABILITY AND FITNESS FOR A PARTICULAR PURPOSE ARE
#       DISCLAIMED. IN NO EVENT SHALL JAMF SOFTWARE, LLC BE LIABLE FOR ANY
#       DIRECT, INDIRECT, INCIDENTAL, SPECIAL, EXEMPLARY, OR CONSEQUENTIAL DAMAGES
#       (INCLUDING, BUT NOT LIMITED TO, PROCUREMENT OF SUBSTITUTE GOODS OR SERVICES;
#       LOSS OF USE, DATA, OR PROFITS; OR BUSINESS INTERRUPTION) HOWEVER CAUSED AND
#       ON ANY THEORY OF LIABILITY, WHETHER IN CONTRACT, STRICT LIABILITY, OR TORT
#       (INCLUDING NEGLIGENCE OR OTHERWISE) ARISING IN ANY WAY OUT OF THE USE OF THIS
#       SOFTWARE, EVEN IF ADVISED OF THE POSSIBILITY OF SUCH DAMAGE.
#
# # # # # # # # # # # # # # # # # # # # # # # # # # # # # # # # # # # # # # # # # # # # # #
######
# INSTRUCTIONS
# This Jamf Extension Attribute is used in conjunction with the macOS Security Compliance project (mSCP)
# https://github.com/usnistgov/macos_security
#
# Upload the following text into Jamf Pro Extension Attribute section.
#
# Used to gather the baseline version being used.
######

result=$(/bin/ls -l /Library/Preferences | /usr/bin/grep &quot;org.*.audit.plist&quot; | /usr/bin/awk '{print $NF}')

if [[ ! -z &quot;$result&quot; ]]; then
    count=$(echo &quot;$result&quot; | /usr/bin/wc -l | /usr/bin/xargs)
    if [[ &quot;$count&quot; != 1 ]]; then
        result=&quot;Multiple Baselines Set&quot;
    fi
else result=&quot;No Baseline Set&quot;
fi
echo &quot;&lt;result&gt;$result&lt;/result&gt;&quot;
</scriptContentsMac>
</extensionAttribute>